Rank,Group ID,Group Name,Privacy,Member Count,Last Updated
1,309649169674064,"Pcx ‡∏ã‡∏∑‡πâ‡∏≠-‡∏Ç‡∏≤‡∏¢ Pcx‡∏°‡∏∑‡∏≠(2) ‡πÄ‡∏ó‡πà‡∏≤‡∏ô‡∏±‡πâ‡∏ô",OPEN,934782,2025-12-18T00:20:11+0000
2,1067914296651346,"RoV : Garena Thailand",CLOSED,825677,2025-12-18T00:22:14+0000
3,561905421582644,"‡∏Å‡∏•‡∏∏‡πà‡∏° ‡∏Ñ‡∏ô‡∏à‡∏ô‡∏Ñ‡∏≠‡∏°‡∏û‡∏¥‡∏ß‡πÄ‡∏ï‡∏≠‡∏£‡πå ‡∏ã‡∏∑‡πâ‡∏≠-‡∏Ç‡∏≤‡∏¢ ‡∏Ñ‡∏≠‡∏°‡∏û‡∏¥‡∏ß‡πÄ‡∏ï‡∏≠‡∏£‡πå‡πÅ‡∏•‡∏∞‡∏≠‡∏∞‡πÑ‡∏´‡∏•‡πà ‡∏°‡∏∑‡∏≠‡∏™‡∏≠‡∏á‡∏°‡∏∑‡∏≠‡∏´‡∏ô‡∏∂‡πà‡∏á ‡∏£‡∏≤‡∏Ñ‡∏≤‡∏ñ‡∏π‡∏Å",OPEN,656132,2025-12-18T00:23:34+0000
4,2244707579074541,"Garena Rov Thailand ‡∏ã‡∏∑‡πâ‡∏≠‡∏Ç‡∏≤‡∏¢‡πÅ‡∏•‡∏Å‡πÄ‡∏õ‡∏•‡∏µ‡πà‡∏¢‡∏ô‡∏£‡∏´‡∏±‡∏™‡πÅ‡∏≠‡∏î‡∏°‡∏¥‡∏ô‡πÄ‡∏°‡∏¢‡πå(‡πÄ‡∏°‡∏¢‡πå‡∏Å‡∏±‡∏ô‡πÄ‡∏Å‡∏£‡∏µ‡∏¢‡∏ô)",OPEN,638015,2025-12-17T22:52:35+0000
5,2371881352829083,"Extreme IT ‡∏Å‡∏•‡∏∏‡πà‡∏° ‡∏ã‡∏∑‡πâ‡∏≠-‡∏Ç‡∏≤‡∏¢ ‡∏Å‡∏≤‡∏£‡πå‡∏î‡∏à‡∏≠ CPU RAM ‡∏≠‡∏∏‡∏õ‡∏Å‡∏£‡∏ì‡πå‡∏Ñ‡∏≠‡∏°‡∏û‡∏¥‡∏ß‡πÄ‡∏ï‡∏≠‡∏£‡πå PC",OPEN,634411,2025-12-18T00:20:34+0000
6,308590241855238,"Grow a Garden ‡∏ã‡∏∑‡πâ‡∏≠‡∏Ç‡∏≤‡∏¢-‡πÄ‡πÄ‡∏•‡∏Å‡πÄ‡∏õ‡∏•‡∏µ‡πà‡∏¢‡∏ô‡∏û‡∏π‡∏î‡∏Ñ‡∏∏‡∏¢",OPEN,572148,2025-12-18T00:23:36+0000
7,1948600748711191,"Extreme IT ‡∏Å‡∏•‡∏∏‡πà‡∏°‡∏™‡∏≥‡∏´‡∏£‡∏±‡∏ö‡∏Ñ‡∏ô‡∏£‡∏±‡∏Å‡∏Å‡∏≤‡∏£‡πÅ‡∏ï‡πà‡∏á‡∏Ñ‡∏≠‡∏°‡∏û‡∏¥‡∏ß‡πÄ‡∏ï‡∏≠‡∏£‡πå",OPEN,507762,2025-12-18T00:22:12+0000
8,2718685878300616,"Grow a Garden ‡∏ã‡∏∑‡πâ‡∏≠‡∏Ç‡∏≤‡∏¢‡πÄ‡πÄ‡∏•‡∏Å‡πÄ‡∏õ‡∏•‡∏µ‡πà‡∏¢‡∏ô‡∏û‡∏π‡∏î‡∏Ñ‡∏∏‡∏¢",OPEN,495238,2025-12-18T00:23:13+0000
9,131258331007039,"‡∏Å‡∏•‡∏∏‡πà‡∏°‡∏ô‡∏±‡∏Å‡πÄ‡∏Ç‡∏µ‡∏¢‡∏ô‡πÇ‡∏õ‡∏£‡πÅ‡∏Å‡∏£‡∏°",OPEN,373271,2025-12-18T00:21:54+0000
10,1400374890060766,"VALORANT Market Thailand ‡∏ã‡∏∑‡πâ‡∏≠‡∏Ç‡∏≤‡∏¢-‡πÅ‡∏•‡∏Å‡πÄ‡∏õ‡∏•‡∏µ‡πà‡∏¢‡∏ô PC ‡πÅ‡∏•‡∏∞ Mobile",CLOSED,333705,2025-12-18T00:18:29+0000
11,1842780372765268,"VALORANT Thailand Market„Äê‡∏ã‡∏∑‡πâ‡∏≠‡∏Ç‡∏≤‡∏¢-‡πÅ‡∏•‡∏Å‡πÄ‡∏õ‡∏•‡∏µ‡πà‡∏¢‡∏ô„Äë",CLOSED,329775,2025-12-18T00:23:31+0000
12,792115070982694,"iHAVECPU ‡∏ä‡∏∏‡∏°‡∏ä‡∏ô‡∏Ñ‡∏ô‡∏ä‡∏≠‡∏ö‡∏Ñ‡∏≠‡∏°‡πÅ‡∏•‡∏∞‡∏Ç‡πâ‡∏≤‡∏ß",OPEN,302386,2025-12-18T00:15:34+0000
13,497521888607139,"‡∏ã‡∏∑‡πâ‡∏≠-‡∏Ç‡∏≤‡∏¢‡∏≠‡∏∏‡∏õ‡∏Å‡∏£‡∏ì‡πå‡∏Ñ‡∏≠‡∏°‡∏û‡∏¥‡∏ß‡πÄ‡∏ï‡∏≠‡∏£‡πå‡∏°‡∏∑‡∏≠1 ‡∏°‡∏∑‡∏≠2 ‡∏õ‡∏£‡∏∞‡πÄ‡∏ó‡∏®‡πÑ‡∏ó‡∏¢ BY‡∏Ñ‡∏≠‡∏°‡πÄ‡∏ß‡πâ‡∏¢‡πÄ‡∏´‡πâ‡∏¢",OPEN,288831,2025-12-18T00:22:56+0000
14,1606380872825266,"ROV ‡∏ã‡∏∑‡πâ‡∏≠-‡∏Ç‡∏≤‡∏¢ ‡πÅ‡∏•‡∏Å‡πÄ‡∏õ‡∏•‡∏µ‡πà‡∏¢‡∏ô‡πÑ‡∏≠‡∏î‡∏µ TH",OPEN,265201,2025-12-18T00:23:04+0000
15,483013858539835,"STEAM Thailand ‡∏ã‡∏∑‡πâ‡∏≠‡∏Ç‡∏≤‡∏¢ ‡πÅ‡∏•‡∏Å‡πÄ‡∏õ‡∏•‡∏µ‡πà‡∏¢‡∏ô",CLOSED,252313,2025-12-18T00:20:18+0000
16,998801353965681,"‡∏ï‡∏•‡∏≤‡∏î‡∏ô‡∏±‡∏î ROV",OPEN,247106,2025-12-18T00:22:19+0000
17,1607391529588685,"‡∏≠‡∏∏‡∏õ‡∏Å‡∏£‡∏ì‡πå (Gaming Gear) ‡∏°‡∏∑‡∏≠‡∏´‡∏ô‡∏∂‡πà‡∏á‡πÅ‡∏•‡∏∞‡∏™‡∏≠‡∏á GMG",OPEN,230245,2025-12-18T00:22:55+0000
18,505230898037813,"‡∏Å‡∏≤‡∏£‡πå‡∏î‡∏à‡∏≠‡∏°‡∏∑‡∏≠‡∏™‡∏≠‡∏á",OPEN,213662,2025-12-18T00:21:48+0000
19,289008456634964,"FiveM Thailand Community",OPEN,205456,2025-12-18T00:19:18+0000
20,1389673854729769,"ROV ‡∏ã‡∏∑‡πâ‡∏≠-‡∏Ç‡∏≤‡∏¢ ‡πÑ‡∏≠‡∏î‡∏µ‡∏ß‡∏¥‡∏ô‡πÄ‡∏£‡∏ó TH",OPEN,205174,2025-12-18T00:23:06+0000
21,686800195194310,"‡πÇ‡∏´‡∏ô‡∏ä‡∏¥‡∏á‡∏ä‡πâ‡∏≤ FREEFIRE THAILAND",OPEN,203525,2025-12-18T00:22:48+0000
22,1775723972593010,"The Forge ‡∏ã‡∏∑‡πâ‡∏≠‡∏Ç‡∏≤‡∏¢ ‡∏û‡∏π‡∏î‡∏Ñ‡∏∏‡∏¢",OPEN,186703,2025-12-17T22:50:20+0000
23,2474283156123076,"ROV ‡∏û‡∏π‡∏î‡∏Ñ‡∏∏‡∏¢ ‡∏´‡∏≤‡πÄ‡∏û‡∏∑‡πà‡∏≠‡∏ô‡πÄ‡∏•‡πà‡∏ô TH",OPEN,182918,2025-12-18T00:23:26+0000
24,1259736621265968,"iPhone 15 Ô£ø Thailand",OPEN,152320,2025-12-17T23:48:35+0000
25,255834148328219,"FiveM Thailand ‡∏Å‡∏•‡∏∏‡πà‡∏°‡∏´‡∏≤‡πÄ‡∏°‡∏∑‡∏≠‡∏á‡πÄ‡∏•‡πà‡∏ô",CLOSED,140321,2025-12-18T00:23:20+0000
26,686633655307229,"‡∏Å‡∏•‡∏∏‡πà‡∏°‡∏´‡∏≤‡πÄ‡∏°‡∏∑‡∏≠‡∏á‡πÄ‡∏•‡πà‡∏ô FiveM Thailand",CLOSED,138875,2025-12-17T19:07:42+0000
27,1115396629290401,"‡∏ï‡∏±‡∏î‡∏Ñ‡∏•‡∏¥‡∏õ ‡∏ó‡∏≥‡∏õ‡∏Å‡πÄ‡∏Å‡∏° ‡πÉ‡∏™‡πà‡∏•‡∏¥‡∏á‡∏Å‡πå ‡∏ã‡∏∑‡πâ‡∏≠-‡∏Ç‡∏≤‡∏¢ ‡∏≠‡∏∑‡πà‡∏ô‡πÜü§çüéÄ",OPEN,137196,2025-12-18T00:07:47+0000
28,393613685243569,"Discord Thailand (‡πÇ‡∏õ‡∏£‡πÇ‡∏°‡∏ó‡∏î‡∏µ‡∏™‡∏Ñ‡∏≠‡∏£‡πå‡∏î)",CLOSED,126743,2025-12-18T00:12:52+0000
29,158041002570230,"‡πÇ‡∏õ‡∏£‡πÇ‡∏°‡∏ó‡∏õ‡∏£‡∏∞‡πÄ‡∏ó‡∏® FiveM ‡πÅ‡∏•‡∏∞ ‡∏´‡∏≤‡πÄ‡∏°‡∏∑‡∏≠‡∏á‡πÄ‡∏•‡πà‡∏ô Thailand",OPEN,123864,2025-12-18T00:17:46+0000
30,1404677390004922,"Build a zoo ‡∏ã‡∏∑‡πâ‡∏≠‡∏Ç‡∏≤‡∏¢ ‡πÅ‡∏•‡∏Å‡πÄ‡∏õ‡∏•‡∏µ‡πà‡∏¢‡∏ô",OPEN,123328,2025-12-18T00:23:18+0000
31,364167337464759,"‡πÇ‡∏õ‡∏£‡πÇ‡∏°‡∏ó FiveM Community Thailand [Official Group]",OPEN,115113,2025-12-18T00:16:34+0000
32,749207003399761,"‡πÄ‡∏î‡∏¥‡∏°‡∏û‡∏±‡∏ô/‡πÅ‡∏û‡πâ‡∏ö‡∏±‡∏ï‡∏£ Tawisa",OPEN,106133,2025-12-18T00:23:31+0000
33,4170730596282710,"Garena RoV Thailand ‡∏Å‡∏•‡∏∏‡πà‡∏°‡∏û‡∏π‡∏î‡∏Ñ‡∏∏‡∏¢ ‡πÅ‡∏ö‡πà‡∏á‡∏õ‡∏±‡∏ô ‡∏´‡∏≤‡πÄ‡∏û‡∏∑‡πà‡∏≠‡∏ô‡πÄ‡∏•‡πà‡∏ô",OPEN,102411,2025-12-18T00:21:06+0000
34,1301407820250374,"‡πÇ‡∏õ‡∏£‡πÇ‡∏°‡∏ó‡πÄ‡∏ã‡∏¥‡∏£‡πå‡∏ü‡πÄ‡∏ß‡∏≠‡∏£‡πå ‡∏´‡∏≤‡πÄ‡∏°‡∏∑‡∏≠‡∏á‡πÄ‡∏•‡πà‡∏ô [Community] GTA V FiveM Thailand",OPEN,101209,2025-12-17T19:53:34+0000
35,144311467670480,"‡∏£‡πâ‡∏≤‡∏ô‡∏ñ‡πà‡∏≤‡∏¢‡∏£‡∏π‡∏õ FiveM gta/ Ts4 thesim ‡∏£‡πâ‡∏≤‡∏ô‡∏ß‡∏≤‡∏î‡∏£‡∏π‡∏õ  ‡πÄ‡∏â‡∏û‡∏≤‡∏∞‡πÄ‡∏•‡πà‡∏ô Fivem ‡πÄ‡∏ó‡πà‡∏≤‡∏ô‡∏±‡πâ‡∏ô",CLOSED,100432,2025-12-18T00:07:09+0000
36,1865710340412314,"‡∏ã‡∏∑‡πâ‡∏≠‡∏Ç‡∏≤‡∏¢ ‡πÇ‡∏ó‡∏£‡∏®‡∏±‡∏û‡∏ó‡πå ‡∏°‡∏∑‡∏≠‡∏ñ‡∏∑‡∏≠ ‡∏°‡∏∑‡∏≠ 2 ‡∏£‡∏∞‡∏¢‡∏≠‡∏á",OPEN,100361,2025-12-18T00:22:15+0000
37,177441499571588,"Roblox Hack ‡∏Å‡∏•‡∏∏‡πà‡∏°‡∏ß‡∏±‡∏¢‡∏£‡∏∏‡πà‡∏ô‡∏ü‡∏≠‡∏£‡πå‡∏°‡∏ä‡πà‡∏≤‡∏á",CLOSED,88611,2025-12-18T00:22:23+0000
38,779503139869548,"‡∏£‡∏±‡∏ö‡∏ï‡∏±‡∏î‡∏Ñ‡∏•‡∏¥‡∏õ ‡πÉ‡∏™‡πà‡∏•‡∏¥‡∏á‡∏Å‡πå ‡∏õ‡∏Å‡πÄ‡∏Å‡∏°‡πÅ‡∏•‡∏∞‡∏≠‡∏∑‡πà‡∏ô‡πÜüéÄ‚õÖÔ∏è",OPEN,82304,2025-12-18T00:12:37+0000
39,291033674576900,"‡∏ã‡∏∑‡πâ‡∏≠-‡∏Ç‡∏≤‡∏¢‡∏°‡∏∑‡∏≠‡∏ñ‡∏∑‡∏≠‡∏£‡∏∞‡∏¢‡∏≠‡∏á",OPEN,79114,2025-12-18T00:18:36+0000
40,292876571049508,"‡∏ã‡∏∑‡πâ‡∏≠‡∏Ç‡∏≤‡∏¢‡∏°‡∏∑‡∏≠‡∏ñ‡∏∑‡∏≠ ‡∏°‡∏∑‡∏≠1‡∏°‡∏∑‡∏≠2 ‡∏£‡∏∞‡∏¢‡∏≠‡∏á",CLOSED,79077,2025-12-17T21:29:43+0000
41,935211530666822,"‡πÇ‡∏õ‡∏£‡πÇ‡∏°‡∏ó‡πÄ‡∏ã‡∏¥‡∏ü‡πÄ‡∏ß‡∏≠‡∏£‡πå FiveM ‡∏´‡∏≤‡πÄ‡∏û‡∏∑‡πà‡∏≠‡∏ô‡∏´‡∏≤‡∏õ‡∏£‡∏∞‡πÄ‡∏ó‡∏®‡πÄ‡∏•‡πà‡∏ô ‡πÅ‡∏•‡∏Å‡πÄ‡∏õ‡∏•‡∏µ‡πà‡∏¢‡∏ô‡∏Ñ‡∏ß‡∏≤‡∏°‡∏£‡∏π‡πâ Thailand",OPEN,78268,2025-12-18T00:19:23+0000
42,416344229842755,"Discord Thailand Community(‡∏´‡∏≤‡∏î‡∏¥‡∏™ ‡∏´‡∏≤‡∏Ñ‡∏ô‡πÄ‡∏Ç‡πâ‡∏≤‡∏î‡∏¥‡∏™)",CLOSED,67683,2025-12-18T00:16:09+0000
43,339605380294101,"Fivem Community thailand ‡∏´‡∏≤‡πÄ‡∏°‡∏∑‡∏≠‡∏á‡πÄ‡∏•‡πà‡∏ô ‡πÇ‡∏õ‡∏£‡πÇ‡∏°‡∏ó‡πÄ‡∏ã‡∏¥‡∏ü",CLOSED,67489,2025-12-18T00:18:26+0000
44,455163532218953,"‡∏Ç‡∏≤‡∏¢‡πÇ‡∏õ‡∏£-‡∏ä‡∏∑‡πâ‡∏≠‡πÇ‡∏õ‡∏£‡∏ü‡∏µ‡∏ü‡∏≤‡∏¢-‡∏Ç‡∏≤‡∏¢‡∏£‡∏´‡∏±‡∏™‡πÄ‡∏ß‡∏•8-‡πÑ‡∏°‡πà‡πÄ‡∏Å‡∏£‡∏µ‡∏ô-‡πÑ‡∏°‡πà‡∏£‡∏≤‡∏°‡∏Å‡∏ô‡∏∞‡∏Ñ‡πâ‡∏≤‡∏ö‡∏ö‚òÇÔ∏è",OPEN,56000,2025-12-18T00:22:28+0000
45,841461387070415,"‡∏ã‡∏∑‡πâ‡∏≠‡∏Ç‡∏≤‡∏¢ ‡πÄ‡∏á‡∏¥‡∏ô‡πÄ‡∏Ç‡∏µ‡∏¢‡∏ß FIVEM",CLOSED,49998,2025-12-17T20:50:17+0000
46,2282323915319721,"‡∏£‡∏ß‡∏°‡∏Ñ‡∏ô‡πÄ‡∏•‡πà‡∏ô WarZ ‡πÇ‡∏õ‡∏£‡πÇ‡∏°‡∏ó‡πÄ‡∏ã‡∏¥‡∏£‡πå‡∏ü‡πÄ‡∏ß‡∏≠‡∏£‡πå",CLOSED,48084,2025-12-17T19:18:16+0000
47,407017037487156,"FIVEM Thailand ‡πÇ‡∏õ‡∏£‡πÇ‡∏°‡∏ó‡πÄ‡∏°‡∏∑‡∏≠‡∏á",OPEN,44957,2025-12-18T00:09:17+0000
48,284191580010500,"Five M Thailand ‡πÇ‡∏õ‡∏£‡πÇ‡∏°‡∏ó‡∏õ‡∏£‡∏∞‡πÄ‡∏ó‡∏® ‡∏´‡∏≤‡πÄ‡∏°‡∏∑‡∏≠‡∏á‡πÄ‡∏•‡πà‡∏ô ‡∏´‡∏≤‡∏õ‡∏£‡∏∞‡πÄ‡∏ó‡∏®‡∏•‡∏á",OPEN,43211,2025-12-17T22:16:54+0000
49,1271378140354110,"‡∏ã‡∏∑‡πâ‡∏≠‡∏Ç‡∏≤‡∏¢‡πÄ‡∏á‡∏¥‡∏ô‡∏£‡∏±‡∏ö‡∏ü‡∏≤‡∏£‡πå‡∏°‡πÄ‡∏á‡∏¥‡∏ô OC-FIVEM ‡∏ó‡∏∏‡∏Å‡∏õ‡∏£‡∏∞‡πÄ‡∏ó‡∏®",OPEN,38312,2025-12-18T00:06:22+0000
50,1464357914224787,"ìç≤„Å£÷¥’û·±π Ã• ‡πÄ‡∏õ‡∏•‡∏µ‡πà‡∏¢‡∏ô‡∏ä‡∏∑‡πà‡∏≠‡πÄ‡∏ü‡∏™‡πÑ‡∏°‡πà‡∏°‡∏µ‡∏ô‡∏≤‡∏° ·±π’ûëÅ®‡Ωæ‚ô°‚Éü",OPEN,35062,2025-12-18T00:08:55+0000
51,976869359137472,"üí•‡∏£‡πâ‡∏≤‡∏ô‡∏Ç‡πâ‡∏≤‡∏ß‡∏°‡∏±‡∏ô‡πÑ‡∏Å‡πàüí•",CLOSED,34065,2025-12-17T04:02:25+0000
52,249082464045361,"‡∏ã‡∏∑‡πâ‡∏≠‡∏Ç‡∏≤‡∏¢OC (‡∏ï‡∏•‡∏≤‡∏î‡∏Å‡∏•‡∏≤‡∏á : üçä‡∏ö‡πâ‡∏≤‡∏ô‡∏™‡πâ‡∏° No.1) FiveM GTAV",CLOSED,32320,2025-12-17T19:55:37+0000
53,117028673440016,"Roblox Hack ‡∏ã‡∏∑‡πâ‡∏≠‡∏Ç‡∏≤‡∏¢‡∏™‡∏Ñ‡∏£‡∏¥‡∏õ-‡∏ï‡∏±‡∏ß‡∏£‡∏±‡∏ô",OPEN,31167,2025-12-18T00:21:26+0000
54,3617415015161220,"‡∏ã‡∏∑‡πâ‡∏≠‡∏Ç‡∏≤‡∏¢oc ‡πÄ‡∏á‡∏¥‡∏ô‡∏ü‡∏≤‡∏£‡πå‡∏°-‡πÑ‡∏ß‡∏£‡∏¥‡∏™-‡πÄ‡∏á‡∏¥‡∏ô‡πÄ‡∏Ç‡∏µ‡∏¢‡∏ß-‡∏£‡∏ñ FIVEM GTAV [TH]",OPEN,30681,2025-12-17T23:13:55+0000
55,5412848998772777,"‡∏´‡∏≤‡∏õ‡∏£‡∏∞‡πÄ‡∏ó‡∏®‡∏•‡∏á ‡πÇ‡∏õ‡∏£‡πÇ‡∏°‡∏ó‡∏õ‡∏£‡∏∞‡πÄ‡∏ó‡∏® ‡∏´‡∏≤‡πÄ‡∏û‡∏∑‡πà‡∏≠‡∏ô‡πÄ‡∏•‡πà‡∏ô GTA FIVEM Thailand.",OPEN,29865,2025-12-17T23:43:45+0000
56,1880144702261112,"FiveM Community ‡πÇ‡∏õ‡∏£‡πÇ‡∏°‡∏ó‡πÄ‡∏ã‡∏¥‡∏ü‡πÄ‡∏ß‡∏≠‡∏£‡πå",CLOSED,25933,2025-12-17T14:58:25+0000
57,338603763140742,"‡πÅ‡∏´‡∏•‡πà‡∏á‡∏ã‡∏∑‡πâ‡∏≠‡∏Ç‡∏≤‡∏¢‡∏≠‡∏∏‡∏õ‡∏Å‡∏£‡∏ì‡πå‡∏Ñ‡∏≠‡∏°‡∏û‡∏¥‡∏ß‡πÄ‡∏ï‡∏≠‡∏£‡πå‡∏°‡∏∑‡∏≠‡∏™‡∏≠‡∏á‡∏£‡∏∞‡∏¢‡∏≠‡∏á..‡∏Æ‡∏¥",OPEN,24802,2025-12-17T23:45:29+0000
58,144654900425937,"‡∏ã‡∏∑‡πâ‡∏≠‡∏Ç‡∏≤‡∏¢‡πÇ‡∏õ‡∏£‡πÄ‡∏Å‡∏° FreeFire ‡πÇ‡∏õ‡∏£ Rov Andriod Ios PC ‡∏£‡∏±‡∏ö‡πÅ‡∏ö‡∏Å‡πÅ‡∏£‡∏á‡∏Ñ‡πå",OPEN,22424,2025-12-18T00:20:40+0000
59,115193119187876,"Fivem ‡∏ã‡∏∑‡πâ‡∏≠‡∏Ç‡∏≤‡∏¢ ‡πÄ‡∏á‡∏¥‡∏ô‡πÄ‡∏Ç‡∏µ‡∏¢‡∏ß ‡πÑ‡∏≠‡πÄ‡∏ó‡∏°",CLOSED,19359,2025-12-17T19:08:35+0000
60,2220977784681263,"MTA DYS CITY ( Community )",CLOSED,18913,2025-12-17T17:11:37+0000
61,954543734581642,"‡∏ã‡∏∑‡πâ‡∏≠-‡∏Ç‡∏≤‡∏¢-‡πÅ‡∏•‡∏Å‡πÄ‡∏õ‡∏•‡∏µ‡πà‡∏¢‡∏ô ‡∏°‡∏∑‡∏≠‡∏ñ‡∏∑‡∏≠ ‡∏°‡∏∑‡∏≠1‡∏°‡∏∑‡∏≠2@‡∏£‡∏∞‡∏¢‡∏≠‡∏á",OPEN,18767,2025-12-17T23:09:18+0000
62,316343603122287,"‡∏ã‡∏∑‡πâ‡∏≠‡∏Ç‡∏≤‡∏¢ ‡∏≠‡∏∏‡∏õ‡∏Å‡∏£‡∏ì‡πå‡∏Ñ‡∏≠‡∏°‡∏û‡∏¥‡∏ß‡πÄ‡∏ï‡∏≠‡∏£‡πå‡πÅ‡∏•‡∏∞‡πÑ‡∏≠‡∏ó‡∏µ ‡∏£‡∏∞‡∏¢‡∏≠‡∏á",OPEN,18564,2025-12-17T23:31:18+0000
63,110591846293404,"Infestation LastZ - Official",CLOSED,18069,2025-12-18T00:23:36+0000
64,267359767538867,"‡∏™‡∏≠‡∏ô‡πÄ‡∏õ‡∏¥‡∏î‡πÄ‡∏ã‡∏¥‡∏ü‡πÄ‡∏Å‡∏°‡∏™‡πå WARZ,PB,FIVEM [FOR DEV]",CLOSED,18058,2025-12-18T00:22:41+0000
65,990634292102932,"‡∏£‡∏±‡∏ö‡∏ó‡∏≥‡∏†‡∏≤‡∏û3D Free Fire ‡∏õ‡∏Å‡πÄ‡∏Å‡∏° ‡∏ß‡∏≤‡∏î‡∏à‡∏¥‡∏ö‡∏¥‡∏≠‡∏∑‡πà‡∏ô‡πÜüéÄ",CLOSED,16793,2025-12-15T11:22:38+0000
66,872242297048354,"‡∏ó‡∏≥‡∏õ‡∏Å‡πÄ‡∏Ñ‡∏£‡∏î‡∏¥‡∏ï&‡πÇ‡∏•‡πÇ‡∏Å‡πâ‡∏ï‡πà‡∏≤‡∏á‡πÜüìåüí∏‚ú®",OPEN,16480,2025-12-17T16:04:13+0000
67,120734190140402,"üî∞‡∏Å‡∏•‡∏∏‡πà‡∏°‡∏£‡∏±‡∏ö‡∏ß‡∏≤‡∏î‡∏°‡∏≤‡∏™‡∏Ñ‡∏≠‡∏ï,‡∏ó‡∏≥‡∏õ‡∏Å‡∏õ‡πâ‡∏≤‡∏¢‡∏ï‡πà‡∏≤‡∏á‡πÜüî∞",OPEN,15489,2025-12-17T09:05:48+0000
68,691421651345525,"MTA DYS CITY ( ‡∏Å‡∏•‡∏∏‡πà‡∏°‡∏ã‡∏∑‡πâ‡∏≠‡∏Ç‡∏≤‡∏¢ )",CLOSED,14014,2025-12-13T10:21:31+0000
69,498546984842597,"üì¢ SAMP - THAILAND X PONDVPS ‚ùó",OPEN,13966,2025-12-17T17:37:45+0000
70,940872957731103,"‚òÖ  ◊Çìàí÷º ‡ªíÍí∞ ‡∏£‡∏±‡∏ö‡πÄ‡∏õ‡∏•‡∏µ‡πà‡∏¢‡∏ô‡∏ä‡∏∑‡πà‡∏≠‡πÄ‡∏ü‡∏™‡πÑ‡∏°‡πà‡∏°‡∏µ‡∏ô‡∏≤‡∏° ‡∏£‡∏±‡∏ö‡πÅ‡∏Å‡πâ60‡∏ß‡∏±‡∏ô ◊Å  ùÜπ·≠∏Ã∂ÃÑÍõ±Õü  ‚úØ ◊Å",OPEN,13601,2025-12-17T20:58:35+0000
71,1779840915656606,"‡∏Ç‡∏≤‡∏¢‡πÄ‡∏û‡∏•‡∏á DJ  EDM‡∏™‡∏≤‡∏¢‡∏¢‡πà‡∏≠ ‡πÅ‡∏î‡∏ô‡∏ã‡πå ‡∏ï‡∏∑‡πä‡∏î ‡∏™‡∏≤‡∏¢‡∏¢‡πà‡∏≠ ‡∏¢‡∏Å‡∏•‡πâ‡∏≠ ‡πÄ‡∏Ç‡πâ‡∏≤‡∏õ‡πà‡∏≤",CLOSED,12251,2025-12-17T20:51:45+0000
72,337280398477806,"SMD OC ‡πÄ‡∏™‡∏µ‡∏¢‡πÑ‡∏°‡πà‡πÑ‡∏î‡πâ  forever",CLOSED,11482,2025-12-16T01:47:27+0000
73,1396231450505890,"Discord Thailand community",CLOSED,10783,2025-12-17T16:08:23+0000
74,506626494758855,"‡∏≠‡∏≤‡∏ì‡∏≤‡∏à‡∏±‡∏Å‡∏£-‡πÇ‡∏ó‡∏£‡∏®‡∏±‡∏û‡∏ó‡πå‡∏°‡∏∑‡∏≠‡∏ñ‡∏∑‡∏≠-‡∏°‡∏∑‡∏≠‡∏™‡∏≠‡∏á‡∏£‡∏∞‡∏¢‡∏≠‡∏á‡∏ó‡∏∏‡∏Å‡∏£‡∏∏‡πà‡∏ô",CLOSED,10018,2025-12-18T00:05:03+0000
75,912391179420365,"‡∏Å‡∏•‡∏∏‡πà‡∏°‡∏£‡∏±‡∏ö‡∏ó‡∏≥‡∏†‡∏≤‡∏û3D/five m/ts4 ‡∏≠‡∏∑‡πà‡∏ô‡πÜ",OPEN,9265,2025-12-17T16:24:01+0000
76,237674624554075,"‡∏ã‡∏∏‡∏™‡∏ï‡∏±‡∏ß‡πÅ‡∏à‡∏Å üî™",CLOSED,7886,2025-12-17T17:04:01+0000
77,329077245605842,"REMIX & DJ - ‡∏ã‡∏∑‡πâ‡∏≠‡∏Ç‡∏≤‡∏¢‡πÄ‡∏û‡∏•‡∏á ‡πÇ‡∏õ‡∏£‡πÄ‡∏à‡∏Ñ‡πÄ‡∏û‡∏•‡∏á - Fl Studio",CLOSED,7056,2025-12-17T16:41:04+0000
78,253111415095250,"AFTER-X | Talk & Trade ‡πÅ‡∏ô‡∏ß‡∏ü‡∏≤‡∏£‡πå‡∏°‡∏Ç‡∏≠‡∏á‡∏°‡∏µ‡∏£‡∏≤‡∏Ñ‡∏≤ üï∑",CLOSED,6063,2025-12-17T10:58:49+0000
79,1738929662945845,"‡∏ã‡∏∑‡πâ‡∏≠‡∏Ç‡∏≤‡∏¢‡∏≠‡∏∏‡∏õ‡∏Å‡∏£‡∏ì‡πå‡∏Ñ‡∏≠‡∏°‡∏û‡∏¥‡∏ß‡πÄ‡∏ï‡∏≠‡∏£‡πå ‡∏¢‡πà‡∏≤‡∏ô‡∏£‡∏±‡∏á‡∏™‡∏¥‡∏ï ‡∏õ‡∏ó‡∏∏‡∏°‡∏ò‡∏≤‡∏ô‡∏µ",OPEN,5943,2025-12-17T17:13:49+0000
80,376019417843658,"SoYer Family",OPEN,5866,2025-12-14T13:22:38+0000
81,619507127010417,"‡πÇ‡∏õ‡∏£‡∏ü‡∏µ‡∏ü‡∏≤‡∏¢ ‡∏ã‡∏∑‡πâ‡∏≠‡∏Ç‡∏≤‡∏¢- ‡πÇ‡∏õ‡∏£",OPEN,5398,2025-12-18T00:09:10+0000
82,552874385289052,"‡∏Å‡∏•‡∏∏‡πà‡∏°‡∏ó‡∏µ‡πà‡∏û‡∏ß‡∏Å‡πÄ‡∏£‡∏≤‡∏à‡∏∞‡πÅ‡∏Å‡∏•‡πâ‡∏á‡πÄ‡∏•‡πà‡∏ô‡πÇ‡∏õ‡∏£‡πÉ‡∏ô‡∏£‡πâ‡∏≤‡∏ô‡πÄ‡∏Å‡∏°‡πÄ‡∏î‡∏µ‡∏¢‡∏ß‡∏Å‡∏±‡∏ô",CLOSED,5341,2025-12-18T00:16:17+0000
83,2861710690520454,"‡∏£‡∏ß‡∏° Hack WARZ PB",CLOSED,5338,2025-12-16T14:00:47+0000
84,522677221845030,"Legends of Evolution Hacker",CLOSED,4165,2025-12-11T04:34:45+0000
85,532840907571735,"‡∏Å‡∏•‡∏∏‡πà‡∏°‡πÇ‡∏õ‡∏£‡πÄ‡πÄ‡∏Å‡∏£‡∏°‡∏ä‡πà‡∏ß‡∏¢‡πÄ‡∏•‡πà‡∏ô PB/Warz ‡∏Ç‡∏≠‡∏á‡∏Ñ‡∏ô‡πÑ‡∏°‡πà‡∏°‡∏µ‡∏Ñ‡∏ß‡∏≤‡∏°‡∏£‡∏π‡πâ",OPEN,3354,2025-12-18T00:17:17+0000
86,1283742702553230,"(STARDUST) ‡∏´‡∏≤‡∏Ñ‡∏ô‡πÄ‡∏Ç‡πâ‡∏≤‡∏™‡∏±‡∏á‡∏Å‡∏±‡∏î+‡∏≠‡∏ß‡∏î‡∏£‡∏π‡∏õ",OPEN,3270,2025-12-17T13:41:19+0000
87,1203487023041849,"‡πÅ‡∏à‡∏Å‡∏£‡∏π‡∏õ//‡πÅ‡∏ï‡πà‡∏á‡∏î‡∏¥‡∏™//‡πÅ‡∏ï‡πà‡∏á‡∏õ‡∏Å [‡∏™‡∏±‡∏á‡∏Å‡∏±‡∏î‡∏°‡∏∑‡∏î] #sry",OPEN,3180,2025-10-01T23:16:23+0000
88,451924392132925,"‡∏£‡∏ß‡∏°‡∏û‡∏•‡∏Ñ‡∏ô‡∏ó‡∏≥‡πÄ‡∏ã‡∏¥‡∏ü WarZ",CLOSED,2996,2025-12-17T01:16:04+0000
89,885154785902023,"‡∏™‡∏•‡πá‡∏≠‡∏ï‡∏ß‡∏≠‡πÄ‡∏•‡∏ï ‡∏ï‡πâ‡∏≠‡∏á‡∏ó‡∏µ‡πà latte99.com ‡πÄ‡∏ó‡πà‡∏≤‡∏ô‡∏±‡πâ‡∏ô",OPEN,2695,2025-12-14T01:29:44+0000
90,2008695212601744,"üî∞‡∏£‡∏±‡∏ö‡∏ó‡∏≥‡∏õ‡∏Å‡∏ï‡πà‡∏≤‡∏á‡πÜ ‡πÇ‡∏•‡πÇ‡∏Å‡πâ ‡∏ï‡∏±‡∏î‡∏ï‡πà‡∏≠‡∏Ñ‡∏•‡∏¥‡∏õ ‡∏Ç‡∏≤‡∏¢‡∏°‡∏≤‡∏™‡∏Ñ‡∏≠‡∏ï ‡πÅ‡∏•‡∏∞‡∏≠‡∏¥‡∏ô‡πÇ‡∏ó‡∏£üëæüéÆ",CLOSED,2634,2025-12-13T11:44:08+0000
91,804096651078204,"‡∏ã‡∏∑‡πâ‡∏≠‡∏Ç‡∏≤‡∏¢ ‡∏Ç‡∏≤‡∏¢‡∏¢‡∏¥‡∏á‡πÄ‡∏ö‡∏≠‡∏£‡πå ‡∏¢‡∏¥‡∏á‡∏î‡∏¥‡∏™ ‡∏¢‡∏¥‡∏á‡πÄ‡∏ö‡∏≠‡∏£‡πå",OPEN,2180,2025-12-03T23:35:14+0000
92,1427998567590142,"„Ö§",CLOSED,1700,2025-11-23T09:53:04+0000
93,6098270743626400,"‡∏£‡∏±‡∏ö‡∏ó‡∏≥‡∏´‡∏ô‡πâ‡∏≤‡∏õ‡∏Å‡∏™‡∏±‡∏á‡∏Å‡∏±‡∏î‡πÅ‡∏Ñ‡∏•‡∏ôÔøΩÔøΩ",OPEN,938,2025-12-10T08:26:03+0000
94,1030471318154149,"üë®‚Äçüíª‡∏£‡∏±‡∏ö‡∏ó‡∏≥‡∏õ‡∏Å‡πÄ‡∏Ñ‡∏£‡∏î‡∏¥‡∏ï ‡πÅ‡∏ö‡∏ô‡πÄ‡∏ô‡∏≠‡∏£‡πå ‡πÅ‡∏•‡∏∞ ‡∏≠‡∏∑‡πà‡∏ô‡πÜ @NP PH & @Tester Banner",OPEN,733,2025-12-16T01:42:43+0000
95,1337992257161102,"‡∏ã‡∏∑‡πâ‡∏≠‡∏Ç‡∏≤‡∏¢‡πÄ‡∏ü‡∏™ ic ‡πÅ‡∏•‡∏∞‡∏£‡∏π‡∏õ FiveM",OPEN,721,2025-12-17T15:41:38+0000
96,2264772580468921,"ALLNEWSS2 ¬ÆÔ∏è SERVER PVP ONLINE",CLOSED,647,2025-11-30T19:31:47+0000
97,946996640086672,"MemoryZ X HardZ | ‡πÅ‡∏à‡∏Å‡∏Å‡∏•‡πà‡∏≠‡∏á‡∏û‡∏£‡πâ‡∏≠‡∏°‡∏¢‡∏¥‡∏á‡πÄ‡∏•‡πà‡∏ô‡∏ü‡∏£‡∏µ",CLOSED,602,2025-12-11T00:43:43+0000
98,394744845786287,"(‡πÅ‡∏à‡∏Å‡∏≠‡∏∏‡∏õ‡∏Å‡∏£‡∏ì‡πå ‡∏õ‡∏Å ‡∏û‡∏∑‡πâ‡∏ô‡∏´‡∏•‡∏±‡∏á ‡πÄ‡∏≠‡∏ü‡πÄ‡∏ü‡∏Ñ) ‡∏£‡∏±‡∏ö‡∏ß‡∏≤‡∏î‡∏°‡∏≤‡∏™ ‡∏ó‡∏≥‡∏õ‡∏Å ‡∏õ‡πâ‡∏≤‡∏¢ ‡πÅ‡∏ö‡∏ô‡πÄ‡∏ô‡∏≠‡∏£‡πå ‡πÇ‡∏•‡πÇ‡∏Å‡πâ ‡∏≠‡∏¥‡∏ô‡πÇ‡∏ó‡∏£",OPEN,459,2025-12-06T16:52:25+0000
99,315465887381235,"üî• ‡∏Å‡∏•‡∏∏‡πà‡∏°‡∏£‡∏±‡∏ö‡∏ó‡∏≥‡∏õ‡∏Å‡πÄ‡∏Ñ‡∏£‡∏î‡∏¥‡∏ï-‡πÅ‡∏ö‡∏ô‡πÄ‡∏ô‡∏≠‡∏£‡πå-‡πÇ‡∏•‡πÇ‡∏Å‡πâ‡πÅ‡∏Ñ‡∏•‡∏ô-‡∏õ‡πâ‡∏≤‡∏¢‡∏ï‡πà‡∏≤‡∏á‡πÜ üî•",OPEN,268,2025-10-13T06:56:14+0000
100,1206932804520875,"CHAT GPT ‡πÅ‡∏•‡∏∞ Ai ‡∏≠‡∏∑‡πà‡∏ô‡πÜ ‡∏Ñ‡∏ô‡πÑ‡∏ó‡∏¢ 100%",CLOSED,131,2025-11-12T13:05:53+0000